1710257190955,7417f33e26a2349b,2754
1710257196334,ae1af10884c1829c,1843
1710257196334,bb8256a194879985,2535
1710257199836,2c68f19b55546898,3540
1710257199836,4b6c1dbae3c93671,2342
1710257203416,4be616fba00ce71c,2322
1710257203416,f287aabed92535fa,955
1710257206640,f1abb835fc3a8bdd,2245
1710257206689,8cedf53848ff506e,2784
1710257209019,ff111dacac498ff1,1903
1710257209020,5aedc83d8d8a7c65,907
1710257211540,95f20a86e33dbaef,1829
1710257211542,26902a8d0f0f5551,2449
1710257211542,61f2a8e5fac4c4a4,1642
1710257214116,c4c921a73ae33550,1610
1710257214133,25b7436108ef6011,812
1710257216137,9a0e50cb9ec8d2a0,2526
1710257216145,44aa030a50860aa6,2302
1710257218462,d6c70cb8f4749246,642
1710257222182,bf97b6d62d31d20c,3067
1710257223963,2908b37745b28a52,1869
1710257226314,297f2dd94822fffa,1373
1710257229259,7076a22aea432ff6,2743
1710257235727,0a479b99322f2e91,826
1710257237558,c2f407c7da58417e,1965
1710257237559,a4e15e9ec6a5d7f5,2050
1710257237559,453bec802665ed54,848
1710257239766,3b84257903d37758,1743
1710257244132,105a6adf980f19e0,720
1710257248643,d048a3751bab1d54,1730
1710257248643,8b705d0f42278878,2526
1710257248644,bf7f4fcda3dcf90a,623
1710257250880,fd16aef0d8752084,2385
1710257253136,6a1cf1293fcb7792,1040
1710257255858,837ca5946568d00a,2356
1710257255858,8396078b448d5b40,544
1710257259284,0426ea30030164d7,2171
1710257259299,633115defe2b5bf9,2391
1710257261571,0c2bd4dd5ed07257,2942
1710257261571,a03b4366f2c9cfa4,1559
1710257265003,b16687553a9183d2,2692
1710257270039,3e88ed9f1aa48314,2408
1710257270099,4f1e8edb5ba58c7b,1701
1710257274333,e2ba0095f42fceb9,3328
1710257276333,af6712d9efe0764b,1221
1710257276333,8a248a4857fa063c,1922
1710257280465,7675051041f4323c,2357
1710257284222,64166e11b7c9a09f,3308
1710257285621,d27db6155b605c20,616
1710257285621,3b8dff6cdad5c833,1487
1710257285621,c63113d4df65d227,2724
1710257288737,3515f2729a691631,2620
1710257288737,8fbedefadf2ea845,2645
1710257290832,f8478a4a2cd0ad2a,721
1710257296199,868d703e9020d916,2370
1710257298515,20787e3d6d1b607a,1421
1710257298515,12627bfc76140226,3219
1710257301339,c25f5ffc350ca260,1424
1710257301339,f1abb835fc3a8bdd,1697
1710257303331,ae1259c527f99b60,2502
1710257303331,26902a8d0f0f5551,1786
1710257303332,b03acc776ed2ffee,1238
1710257303332,e35d8cda920333b8,1221
1710257305419,2354864da10236ee,1523
1710257305419,5aedc83d8d8a7c65,1397
1710257307830,4a9df3924989beb3,2730
1710257307830,ac94722f7f2c77a7,2012
1710257307830,48bc3d620614a6d4,1108
1710257310082,9a7b70bf4c7eedd4,2579
1710257313317,2686a155b6ec5248,625
1710257313317,dd7375e3fb43869f,1517
1710257315437,35e73f92349437c3,2542
1710257315437,1f8afe6d5456e9c2,2414
1710257319051,e74597791fea0249,3421
1710257321328,4a8f353c43a2d6f5,2318
1710257325236,7998574eac2f719e,3424
1710257327244,3d47017d6e289a13,2020
1710257328464,efa3ea8810dd5c67,2522
1710257331551,8cedf53848ff506e,2861
1710257331618,2cd5b0d3c94ddead,1123
1710257337237,e9fabed6faa4ab68,3818
1710257337719,ec6a18d742ec672f,3627
1710257339338,50c2391f1a09e0b4,1542
1710257341636,ed53e6dca874a8e4,2141
1710257341835,1435d3277fe670e5,1942
1710257344317,481e55192785cc41,1520
1710257344318,57141693419d720c,1204
1710257344318,821ea9f5636de70d,2208
1710257346749,75daf1fb41339494,1144
1710257346749,dd7375e3fb43869f,2430
1710257348816,fd16aef0d8752084,935
1710257348816,98710709b44e5303,2797
1710257351069,65723c3970a30f47,2974
1710257351069,64166e11b7c9a09f,1845
1710257353355,2711abcfdab9801c,3454
1710257354982,55eac44226972181,2756
1710257357344,e28750a1ed6fc21c,2451
1710257357344,5cfacb1e8337f92d,933
1710257357344,fae8a8aee50136cb,2116
1710257361443,87077fa1564420f2,2522
1710257363739,1e5216e41bc53590,2045
1710257363739,5cedb0700301ad41,2720
1710257366916,16d40d681b79eee4,2891
1710257369017,e0b674f75d53c2cc,4305
1710257371316,98f719c3eb9107ea,4604
1710257378846,693ee404219a34c5,1839
1710257380915,710e9b82f838ad91,1798
1710257383314,4eeee6c8316469b5,2471
1710257383317,cbccca2a066ee9e3,504
1710257386253,0f4753ec532eb2e1,3055
1710257386253,516da5c345f6c373,1147
1710257386619,2232e8c124429bd2,3522
1710257386728,ac94722f7f2c77a7,3897
1710257388716,d394760aaf51f74e,1897
1710257388718,d265ed484d3ea302,1601
1710257388718,c72bf06cbe85ef56,1898
1710257391529,662da35a6171d48d,2418
1710257391531,037e923c4ee205b7,2120
1710257394032,5da864a3777e0291,634
1710257397521,9a0e50cb9ec8d2a0,2382
1710257397626,6361cd74dccbd13f,2235
1710257400024,00aed50d305d402b,3517
1710257400024,0680a6868e47f241,2216
1710257401817,be37378c78634bb5,1500
1710257401820,2908b37745b28a52,1855
1710257405663,a3d04b0afe7830c5,1261
1710257405663,f1abb835fc3a8bdd,2322
1710257405663,7076a22aea432ff6,2402
1710257405714,3d7ff0e53e17664f,2310
1710257405716,85e038276da5ade2,1004
1710257408270,5aedc83d8d8a7c65,850
1710257408270,2354864da10236ee,850
1710257410560,73ed08440e1d17b6,2041
1710257413645,84d637422fe9ab24,3623
1710257413645,7ce7aeeb954c3ee7,3217
1710257413645,821ea9f5636de70d,1324
1710257413718,4f35e83ff2bcef59,3290
1710257413718,2337d729e61d4cb2,872
1710257418427,92fcb7e258de1148,1543
1710257418428,bb8256a194879985,2092
1710257418428,0bcd03e289517040,1909
1710257420841,0aa71ec6be70989a,1246
1710257420841,1ebcc385a28a2745,1143
1710257420841,a8347903083e686a,1702
1710257422732,d19a035560c4411a,2815
1710257422732,e2f530f2d3453eb9,1418
1710257422734,726a2204a2816076,600
1710257425216,448b47a9bcfb7fc1,2022
1710257425216,75daf1fb41339494,1466
1710257427536,7f7281dde5c2259c,3535
1710257427536,90aa390f5020a43d,1440
1710257427536,2ef0b2e0556578c4,1931
1710257429529,6e2968a0c43d5b08,1136
1710257429529,ff2718c094c3c790,638
1710257431933,fe4d970c8fdc8158,1016
1710257431933,54c831ad04721dbd,2031
1710257434040,55e0d28c27bde840,3033
1710257434040,5da864a3777e0291,3005
1710257434040,000c6f8bb1de334d,2192
1710257434040,105a6adf980f19e0,2907
1710257434800,74c34386e9ccb604,2579
1710257436928,4f1e8edb5ba58c7b,1828
1710257436928,f613b031c1cf64ce,2217
1710257436930,837ca5946568d00a,1070
1710257439527,ea7e31d2635aee7b,3427
1710257439527,cc840ceccbd69e65,1832
1710257439923,946c638bb3a4097b,1321
1710257441842,4bb3f7580b060a59,1046
1710257441844,e9c0cc553f617531,3150
1710257441844,2d0fc0170f7ad723,1444
1710257441844,a4e15e9ec6a5d7f5,1284
1710257444337,5eaa87bf471f5674,1621
1710257444337,ed53e6dca874a8e4,1700
1710257446816,518aba727d5e277e,1205
1710257447206,1723692ed1f662c7,986
1710257449625,c338d85bffc53e93,2370
1710257449626,4be616fba00ce71c,2209
1710257449626,5cfacb1e8337f92d,2280
1710257449626,e116403406a9da9a,2509
1710257451520,5a855f8e95dcba5a,1499
1710257453824,6db2d3c4bc2b8fe5,1423
1710257453825,4d50ef74957ecfb6,2729
1710257453825,1dde37764284a5b4,1926
1710257455425,f82a933941280d51,1003
1710257455425,38364f3b13e29d16,2733
1710257455425,facdf6c73e39b774,1624
1710257457819,855336e849aa7dd6,1799
1710257457823,9d1453a51eb06716,2804
1710257459842,db678cffd022c683,1212
1710257459842,e0583edf02247d7a,1901
1710257459844,47ad785c45cbe958,2732
1710257459844,ba927a58a9f1bac7,2927
1710257465419,5cedb0700301ad41,1678
1710257465419,22403b56fd224424,1878
1710257465421,a8b495b3425607b7,2335
1710257465421,978730defc7e8707,3706
1710257469638,fb1d365fddc3676c,2698
1710257469638,0aa71ec6be70989a,796
1710257472228,8ac9dc9ba4b17a95,1307
1710257475117,b037d5d2205aef45,3098
1710257475118,61f2a8e5fac4c4a4,2574
1710257476925,6505fcc070b6a282,3416
1710257476925,8b0ae6709c310c04,2322
1710257476926,e52eb029a0176c53,2432
1710257480295,7ce7aeeb954c3ee7,2649
1710257481320,b3d6252914d6a580,3000
1710257481321,7675051041f4323c,2855
1710257483350,8b705d0f42278878,1706
1710257483350,ea1b97b630f4c71d,1952
1710257483350,ee3f0217d2f86810,821
1710257485627,ae9ab56937df3976,2334
1710257485627,21b6ab503926586d,2132
1710257485627,65723c3970a30f47,1557
1710257487353,efbedcd99b170bc1,731
1710257489335,1cfc195fdde4096c,1636
1710257489335,78ac87a73432c2ed,1818
1710257489336,7f7281dde5c2259c,799
1710257492715,d86f8a59b3a9497b,2511
1710257494840,bf97b6d62d31d20c,656
1710257494960,fbcb382f75e827b7,1633
1710257496927,900ea2a7662c436e,2611
1710257496928,74c34386e9ccb604,1126
1710257499232,6fca33c5393343af,2037
1710257499232,bb8256a194879985,803
1710257499232,3b84257903d37758,509
1710257502224,2908b37745b28a52,1402
1710257502225,299976461ff74386,2514
1710257502227,c25f5ffc350ca260,2886
1710257505523,c7256d946c4a6741,2721
1710257505523,77b2fd65dde5a179,3232
1710257505525,fea5a762bf6b8541,3916
1710257507219,031470e3b6bacf78,3424
1710257520215,cb587513057d4d03,4102
1710257522551,3d47017d6e289a13,3824
1710257522551,92fcb7e258de1148,2121
1710257525141,ec6a18d742ec672f,2421
1710257525141,3010b190d8824786,2646
1710257525141,6a0ecf26e54fd23c,3049
1710257527448,9aaf6a0ce3eaa01d,3407
1710257529626,4a8f353c43a2d6f5,2000
1710257529626,821ea9f5636de70d,2979
1710257531924,81470b862d3f2001,3106
1710257531924,1435d3277fe670e5,3088
1710257531924,0a479b99322f2e91,2195
1710257531924,4d50ef74957ecfb6,2096
1710257531924,06b9a3cee8dfaaa6,2810
1710257533733,5c5d966940f68547,2035
1710257533735,2ef0b2e0556578c4,1198
1710257536537,23b1b7bc7983b7b8,1077
1710257536537,9bfa20bd889fe382,1444
1710257539326,91d0cc89c8e1a490,3332
1710257539326,33f949ce4b6b5113,3711
1710257539327,5da864a3777e0291,2286
1710257541522,06212d4c24ff62ce,4100
1710257543229,5042e53d49f8bb8e,3531
1710257544740,58540e6134127e87,3034
1710257546740,75c9806e5d757cdf,1646
1710257549015,73ee1f385ac7c7a4,1820
1710257549016,243c35ca7c8bbbf1,1197
1710257552930,75a392086b85a1ca,3925
1710257552930,1b005c736e0dad80,4029
1710257554232,ae3bae5e966f9289,3923
1710257555519,10b962e2c8b43883,4419
1710257555519,75daf1fb41339494,4301
1710257557752,b3ffefbaee461dac,4614
1710257557752,2337d729e61d4cb2,5032
1710257559440,1dde37764284a5b4,4613
1710257561463,7868723cbf4ddddf,3770
1710257567524,8b705d0f42278878,3172
1710257567524,849e61b40d6604cc,3892
1710257571520,98f719c3eb9107ea,2202
1710257571881,828ee4fb7382da08,3954
1710257571881,c04f226bfffdc9de,2689
1710257579119,7ac824131e4c8c35,2118
1710257584117,89fef13773a5da63,5006
1710257584117,e28750a1ed6fc21c,3771
1710257584117,4d05dcdc9de345c8,3710
1710257584119,1c61c456d2b34867,4181
1710257591164,c251da38cc7f378b,2354
1710257591164,fb1d365fddc3676c,2524
1710257591164,053c5022936cdb24,1047
1710257591381,3e9757c97e223ebc,2376
1710257593462,4cdf7468e2c8707f,2441
1710257597630,55eac44226972181,2647
1710257597630,a036064e224a29ff,1230
1710257597630,60e4f4752d274158,2210
1710257597630,714c6ded452565d8,834
1710257597630,2d04d8a2cc74f14e,3629
1710257600742,eed872e327aa588f,2344
1710257600742,4ffce613f6bd0016,2928
1710257600942,c1e39f1293dfe004,3631
1710257603416,4f35e83ff2bcef59,1696
1710257611115,2e43e0332feca7e1,2472
1710257611225,6f77907479f37892,88
1710257613525,3b8dff6cdad5c833,2903
1710257615052,7e20991ef6987f76,2933
1710257619840,73e11c39b4c4412f,1636
1710257619840,2fd3d4ae2056a757,2044
1710257624907,693ee404219a34c5,2060
1710257624907,03e32e16bbf5d08d,3313
1710257625404,95a0c976528c4e27,3884
1710257625404,3a152a449c778d74,3913
1710257627557,297f2dd94822fffa,2242
1710257627576,35e73f92349437c3,3137
1710257627576,f8e642e5df28a60b,1184
1710257630317,73749523166615da,2418
1710257630722,3824241896c16226,2022
1710257632216,1c61c456d2b34867,2095
1710257636154,0cc2ec78940d77f0,4943
1710257639038,ae1af10884c1829c,1702
1710257639632,b283646c1193e882,3115
1710257642027,1b5afaa9a5b0ac41,3400
1710257644233,9ce135821bfc58d6,3710
1710257648535,bdb8a48fbe51f2fa,1940
1710257648535,5042e53d49f8bb8e,2305
1710257648537,1f39ded087f36f88,2334
1710257651306,f613b031c1cf64ce,2376
1710257652726,06212d4c24ff62ce,2202
1710257652726,c5619adb49f2284a,3008
1710257652936,7305b24e57a4c1fb,3530
1710257655240,89146380c1003dc5,1902
1710257655241,a82b9571e032077c,1436
1710257655241,037e923c4ee205b7,3708
1710257655382,d770618f5bb39817,4161
1710257657628,7ac2e1bc4cc5e9f8,2334
1710257658514,7b75d85c67ba394f,88
1710257659918,3515f2729a691631,3180
1710257661097,a211bf0f9d3f97dd,4875
1710257661541,b932b76f35933e88,3049
1710257661541,f54624d77a19edbb,2824
1710257663544,55fc834ad2cabdd5,1803
1710257663544,44aa030a50860aa6,1396
1710257663544,ac6b361b1298cbec,2451
1710257663544,450a94eaadd299cd,2535
1710257668129,63c69e12a5c2d97b,3614
1710257668334,b16687553a9183d2,2329
1710257668741,cfcfa42f0c8c241a,3810
1710257670838,7657be7f7be1a2e7,1836
1710257670838,e116403406a9da9a,3312
1710257673173,e28750a1ed6fc21c,2054
1710257677920,efa3ea8810dd5c67,2454
1710257677920,bb8256a194879985,2597
1710257678405,fb1d365fddc3676c,3239
1710257678405,c04f226bfffdc9de,3523
1710257682839,cf4c3d54cfd4d0ec,2032
1710257685041,58179459431b154c,3899
1710257685041,c350f2063543d629,2159
1710257686205,646fda8b27cc2f1f,3464
1710257687415,8dc952999533d166,3016
1710257689832,c8f13d58fe8de6f1,3304
1710257689832,2e43e0332feca7e1,3715
1710257692437,0d457a1b65b43904,4911
1710257695224,10b962e2c8b43883,4703
1710257697940,b03acc776ed2ffee,4939
1710257700315,9c2353d555d6e243,2522
1710257700315,8cedf53848ff506e,3762
1710257702149,6822419b1daca981,2340
1710257703905,218f79c75eaee71a,87
1710257705832,8e020237b54dd67b,4807
1710259024532,73ed08440e1d17b6,1335
1710259030762,a4e15e9ec6a5d7f5,2965
1710259030762,218f79c75eaee71a,2566
1710259033531,79e4660a95ec4e2d,2838
1710259033770,5eaa87bf471f5674,1967
1710259033770,81470b862d3f2001,2862
1710259041017,a7b2db61df500933,2492
1710259041036,662da35a6171d48d,1585
1710259043435,aafe6d86ae8aa721,1541
1710259043435,af6712d9efe0764b,2831
1710259045421,f8b818a175f21e93,3023
1710259045423,2851079afb9ecee9,2497
1710259047637,efa3ea8810dd5c67,1834
1710259047637,1f8afe6d5456e9c2,2836
1710259047638,d27db6155b605c20,824
1710259050051,726a2204a2816076,2397
1710259055416,e5addce7ea13b010,2406
1710259055417,ae9ab56937df3976,1999
1710259060116,7ce7aeeb954c3ee7,2424
1710259063436,5042e53d49f8bb8e,2824
1710259063436,23385121e4c7bfa7,2943
1710259063438,299976461ff74386,2626
1710259063438,faf6ce987a1d1489,2041
1710259063699,54c831ad04721dbd,1088
1710259065328,ae31eeac899f07ed,1717
1710259065328,149f806d139d793b,1189
1710259068543,b50c707b679d0d73,1749
1710259076362,4431908c33d5feef,2367
1710259079316,4a9df3924989beb3,1218
1710259081446,2e8e9a1ae781d2e2,2954
1710259081446,ec6a18d742ec672f,1729
1710259083140,457fc5b053c75862,833
1710259083140,7f7281dde5c2259c,1437
1710259083230,329274702dd917e3,2136
1710259085534,9bfa20bd889fe382,1225
1710259085535,c7256d946c4a6741,627
1710259085535,78ecb626e669208c,927
1710259087918,053c5022936cdb24,1024
1710259087918,27918bda62a82dba,2405
1710259091625,48bc3d620614a6d4,2808
1710259093943,927c0378abb147ab,3750
1710259093943,6ce58ddd019bbe7a,4947
1710259093944,6a0ecf26e54fd23c,4947
1710259094607,cbccca2a066ee9e3,4468
1710259094607,b50f433f127381a4,2704
1710259096417,32cf17214108f0d4,1715
1710259096417,513ad2ae97335fb3,1898
1710259096417,905f5b53b11b6c62,593
1710259096417,646fda8b27cc2f1f,1278
1710259100935,b283646c1193e882,1040
1710259103016,1859fce09340825d,1504
1710259103016,3e9757c97e223ebc,2717
1710259103016,a6062d32a6c59a94,2095
1710259103016,1cf01e3acad1bd90,1484
1710259105421,4c0df95a98f845d6,1628
1710259105424,5b7fe40633ba2372,1505
1710259105521,ddf0d8f5d7eef689,2325
1710259107938,fce7e0cb724d5e81,3426
1710259107938,672e19ade96249a5,845
1710259109728,828ee4fb7382da08,1121
1710259118533,a4e15e9ec6a5d7f5,768
1710259118533,6c1152e2aecae2bb,2414
1710259122115,197ec9ad3f4e448b,1619
1710259122193,0426ea30030164d7,2476
1710259124395,714c6ded452565d8,2290
1710259124395,c7256d946c4a6741,1859
1710259126920,c1e39f1293dfe004,2305
1710259126920,49d6ce450dabb91e,1906
1710259126922,ea1b97b630f4c71d,1099
1710259131548,73ed08440e1d17b6,2940
1710259131548,b3ad6be1343410c7,1536
1710259131550,fc89127b1f081ecc,620
1710259133360,2908b37745b28a52,959
1710259138645,06b9a3cee8dfaaa6,1642
1710259138645,b16687553a9183d2,1654
1710259139003,009df993b2bffdcf,1701
1710259141517,cbccca2a066ee9e3,1908
1710259141517,69e124e97d59dcdb,2602
1710259143540,5eaa87bf471f5674,1768
1710259143540,bf7f4fcda3dcf90a,2647
1710259143540,9c640eb8cea9af1d,2848
1710259145478,f82a933941280d51,664
1710259148516,4a9df3924989beb3,2198
1710259148516,1666dcefabe014ad,823
1710259153140,905f5b53b11b6c62,2722
1710259153140,2ddb4c2195874524,2224
1710259153140,e0583edf02247d7a,4240
1710259153140,05b0b052071f6521,2128
1710259159343,a5b6994cd4ceca6a,1820
1710259159343,4cdf7468e2c8707f,2440
1710259161531,c7256d946c4a6741,2135
1710259161532,a7b2db61df500933,2514
1710259161532,646fda8b27cc2f1f,1114
1710259161532,3b84257903d37758,2425
1710259164338,6e1e07a59c0c9151,2826
1710259164338,db4ae74a883adc7b,818
1710259167149,4f1e8edb5ba58c7b,1541
1710259167149,61191f63bd9f6254,2135
1710259167149,9bfa20bd889fe382,2614
1710259170035,38364f3b13e29d16,2096
1710259170035,78ac87a73432c2ed,1896
1710259170036,927c0378abb147ab,1091
1710259170036,868d703e9020d916,2412
1710259172430,5d25347c5dc1ec9d,2415
1710259172431,023a46c0c9b09cbf,540
1710259174991,73ed08440e1d17b6,2442
1710259179544,bb6783099c7ab368,3447
1710259179544,ccd77ce9d905d012,4449
1710259181935,55fc834ad2cabdd5,1494
1710259184331,d2a3f464f054d928,1440
1710259184331,b037d5d2205aef45,2866
1710259188139,a82b9571e032077c,1120
1710259188139,63735c202ee22402,2579
1710259189536,67725f6c13622a24,3218
1710259192323,3010b190d8824786,1378
1710259192323,7ae69937afe004b5,811
1710259192323,eb8cbb8a8cd92caf,2806
1710259194820,365ebb7c0c41d028,2805
1710259194820,297f2dd94822fffa,3027
1710259194941,de1b883b4c9e84b7,3232
1710259197142,098291871a2e69d8,1449
1710259197142,a211bf0f9d3f97dd,2515
1710259197240,5b7fe40633ba2372,815
1710259199068,c5619adb49f2284a,1977
1710259201436,a8347903083e686a,828
1710259201436,26902a8d0f0f5551,3622
1710259201436,2e028deb2bf1ce51,521
1710259201436,63c033eec7b853e6,1622
1710259203916,c8b88cb85c1b536d,2214
1710259203917,9ce135821bfc58d6,1777
1710259203945,cc840ceccbd69e65,643
1710259206715,672e19ade96249a5,775
1710259206715,a7138e148bb152e2,2702
1710259206715,2908b37745b28a52,1354
1710259208716,95f9b56d9cc2e0b9,1204
1710259210829,5cfacb1e8337f92d,1310
1710259210829,b08592b1f35af5fb,2035
1710259210829,6505fcc070b6a282,1009
1710259210831,74beacf73654efc6,2528
1710259212818,77b2fd65dde5a179,1822
1710259213608,be27f5c38fd3458b,2596
1710259215518,243c35ca7c8bbbf1,1998
1710259215518,ae1af10884c1829c,2818
1710259217641,450a94eaadd299cd,2640
1710259217641,9d809d5eaf61d83a,1500
1710259217641,73ed08440e1d17b6,649
1710259217641,ae31eeac899f07ed,1312
1710259219731,5fd6e8722cc29ba7,2637
1710259221926,544e981c8a1ec52c,2122
1710259221926,3a152a449c778d74,2822
1710259221926,4be616fba00ce71c,2821
1710259224732,6d77af06e7af282d,2424
1710259224732,e9c0cc553f617531,818
1710259224732,0dbf0ff6fae2e0d1,1826
1710259227172,6a1cf1293fcb7792,1270
1710259229855,d578327f357e1439,2407
1710259232832,e313049120e5e25e,4690
1710259232832,38364f3b13e29d16,2795
1710259234454,4cdf7468e2c8707f,1109
1710259234454,868d703e9020d916,1417
1710259234454,849e61b40d6604cc,1638
1710259234454,74c34386e9ccb604,3663
1710259241624,646fda8b27cc2f1f,4091
1710259241624,1859fce09340825d,3606
1710259241624,fb341f36a957d815,2916
1710259241624,64166e11b7c9a09f,3220
1710259241625,ef87d4d246e10fde,1485
1710259241818,7d2901b941c53049,2113
1710259243140,3b8dff6cdad5c833,3001
1710259243140,9cd4564abd587e70,1410
1710259245328,6db2d3c4bc2b8fe5,1533
1710259245328,d6a028e2d091fa18,1924
1710259248241,732bab5ce78be85c,1351
1710259248319,9693af3663da63d9,2526
1710259251997,98f719c3eb9107ea,3478
1710259253436,2a6f2c1749d7a202,3532
1710259253436,6dd1a6b4722ac3da,4875
1710259253437,3c3f6f5d68664911,3137
1710259253437,3e88ed9f1aa48314,2741
1710259253608,2232e8c124429bd2,1700
1710259255540,b932b76f35933e88,931
1710259255540,4be616fba00ce71c,1612
1710259259740,52a1687d3043ad19,1947
1710259259740,fea5a762bf6b8541,2224
1710259259740,736f021d86cafb4c,1794
1710259259740,f5ceb56b0598d706,2648
1710259262240,ee73090f4ccb167b,785
1710259262240,52d6632e735faf94,1146
1710259262240,6ce58ddd019bbe7a,3295
1710259262241,513ad2ae97335fb3,1823
1710259264224,4a8f353c43a2d6f5,1213
1710259264224,b3ad6be1343410c7,1674
1710259264224,c251da38cc7f378b,2503
1710259264224,ea15c670509ce3a6,1705
1710259266833,8cedf53848ff506e,1735
1710259266833,292d5c0e73e2857a,1016
1710259266833,da19b3b87b72faeb,2940
1710259266833,4bb3f7580b060a59,1693
1710259268934,be37378c78634bb5,1014
1710259268934,2d507dc05748a679,1442
1710259268935,bdb8a48fbe51f2fa,1731
1710259270939,b50f433f127381a4,1331
1710259270939,06212d4c24ff62ce,1046
1710259270939,0c2bd4dd5ed07257,1021
1710259271603,3cc877b159e81999,2412
1710259272930,448b47a9bcfb7fc1,1415
1710259275417,b50c707b679d0d73,873
1710259275417,cc42a7e2b57a9abc,1724
1710259275420,bed4afe9032c782c,1526
1710259275420,b5c1a9835e2203c7,2893
1710259275420,478122cef18fbeda,1912
1710259277235,710e9b82f838ad91,2343
1710259280023,7b5aa57425c3d6b1,2287
1710259280025,5e367d65ab079dd6,1016
1710259280025,ba90e5ac7041c0f8,1333
1710259281841,eed872e327aa588f,2538
1710259284039,053c5022936cdb24,2118
1710259287539,90e4e64af428b4e7,2836
1710259287540,fc89127b1f081ecc,2989
1710259287541,bf7f4fcda3dcf90a,2999
1710259287541,098291871a2e69d8,1398
1710259287541,90aa390f5020a43d,1639
1710259289883,1435d3277fe670e5,2345
1710259292388,7a23ac4f7c8d9250,2473
1710259294507,d394760aaf51f74e,89
1710259294534,855336e849aa7dd6,2234
1710259294534,2e43e0332feca7e1,2603
1710259294534,9ce135821bfc58d6,616
1710259296942,58540e6134127e87,1820
1710259299008,e5addce7ea13b010,1590
1710259299008,20f315f41dd4003d,1514
1710259300939,0cc2ec78940d77f0,2419
1710259300940,310b24909da29132,1541
1710259303416,e116403406a9da9a,697
1710259303416,5cedb0700301ad41,2513
1710259303417,46f6847da4e89c8d,1403
1710259305620,e52eb029a0176c53,2104
1710259305621,0bd480b7b85c5cc1,2527
1710259306413,3d7ff0e53e17664f,88
1710259307932,481e55192785cc41,2038
1710259307932,e9c0cc553f617531,1198
1710259310548,3a2bd0feead60500,1654
1710259310549,1859fce09340825d,923
1710259310549,2354864da10236ee,2041
1710259312601,73e11c39b4c4412f,1477
1710259314944,12627bfc76140226,1131
1710259315017,0d6ccd989252483e,2504
1710259315017,cabc84fc10bd0744,598
1710259320637,50c2391f1a09e0b4,1542
1710259320638,52016a3c4fd64315,2497
1710259320638,037e923c4ee205b7,1706
1710259323224,da19b3b87b72faeb,1389
1710259325944,63c033eec7b853e6,1505
1710259325944,858f4e6b3655f989,2804
1710259325944,457fc5b053c75862,1803
1710259325944,474a1ebb624c5154,3849
1710259327634,149f806d139d793b,2305
1710259327634,ee89b5453a3516ad,933
1710259330317,ae9ab56937df3976,898
1710259330317,b945623e2e765942,2603
1710259332617,195a5e0279697740,1523
1710259332617,c4c921a73ae33550,2619
1710259332618,84d637422fe9ab24,2193
1710259332618,0aa71ec6be70989a,2805
1710259334615,3f66c69ee3906510,2097
1710259334618,91dc9dcab2fd0c7a,2010
1710259334618,310b24909da29132,2677
1710259334620,5da864a3777e0291,2425
1710259336942,ec6a18d742ec672f,2494
1710259336942,6a0ecf26e54fd23c,997
1710259336942,ae31eeac899f07ed,2300
1710259338935,fe4d59bcf37103de,1016
1710259338935,134d2e150c5753a8,2408
1710259342253,44112e8de5e94aed,1239
1710259342253,5fd6e8722cc29ba7,1521
1710259342253,92fcb7e258de1148,2338
1710259344427,7675051041f4323c,1519
1710259344427,98f719c3eb9107ea,2428
1710259347540,197ec9ad3f4e448b,3423
1710259347540,5eaa87bf471f5674,2998
1710259347540,6c1152e2aecae2bb,3398
1710259347540,757b783482364e9a,2232
1710259350623,918a577ff96f5214,4314
1710259350624,7d32ffc1f0144fc2,4299
1710259355024,0a479b99322f2e91,4913
1710259357348,789ff9a685dded4e,2631
1710259357348,b03acc776ed2ffee,628
1710259357348,e26446bbf4102c0a,2249
1710259360159,7657be7f7be1a2e7,2552
1710259362647,177d6b14feb3fade,1702
1710259362647,7d2b0b6ad7d543e3,1506
1710259362647,40519f4b5dc2d4e8,531
1710259364649,e9fabed6faa4ab68,931
1710259364650,0b22538b1cf12167,845
1710259364650,f38cecb05820db0d,1207
1710259366936,fb1d365fddc3676c,1641
1710259366936,ea1b97b630f4c71d,1013
1710259366936,dc301108fa6eaba6,498
1710259369027,55fc834ad2cabdd5,2091
1710259369028,78ecb626e669208c,1491
1710259371448,218f79c75eaee71a,1684
1710259371448,87077fa1564420f2,1605
1710259371449,d265ed484d3ea302,1308
1710259371449,85e038276da5ade2,755
1710259373517,58540e6134127e87,2573
1710259373517,ec6a18d742ec672f,1572
1710259373518,c054e974baf9f66e,1705
1710259375939,313132b4794f2f3a,2444
1710259375939,8dc952999533d166,2204
1710259375939,3824241896c16226,2642
1710259375939,bf97b6d62d31d20c,1247
1710259376140,297f2dd94822fffa,1318
1710259378115,6a1cf1293fcb7792,1942
1710259378115,726a2204a2816076,2063
1710259378921,23385121e4c7bfa7,88
1710259382317,73ed08440e1d17b6,1675
1710259385239,7868723cbf4ddddf,846
1710259385239,4431908c33d5feef,2876
1710259385316,ae1259c527f99b60,2880
1710259387544,a7138e148bb152e2,827
1710259387544,310b24909da29132,925
1710259389539,6e2968a0c43d5b08,1520
1710259389613,75a392086b85a1ca,2630
1710259391642,99dd673f60888410,3242
1710259392202,33f949ce4b6b5113,2677
1710259392202,4c87dc5ed9afff22,1501
1710259392203,9f55761401a9c180,2379
1710259392203,1f8afe6d5456e9c2,3746
1710259395739,97ce4919ca1fa194,2244
1710259395740,c35b03f52c10ec26,1248
1710259397722,f54624d77a19edbb,1321
1710259397722,9d1453a51eb06716,1574
1710259400252,7857b023bb4d261f,1242
1710259400252,9ef43bd813b11a5f,1242
1710259400638,00aed50d305d402b,2611
1710259402447,52a1687d3043ad19,2706
1710259402447,3d47017d6e289a13,2821
1710259403356,2354864da10236ee,2806
1710259403356,3855e3a1778a6074,2737
1710259404527,cabc84fc10bd0744,2508
1710259404527,4a9df3924989beb3,1010
1710259404528,2a4c6898604876e3,2434
1710259411718,768a020b90d7d643,3624
1710259413720,cbccca2a066ee9e3,3202
1710259415821,0d6ccd989252483e,2802
1710259418328,6e1e07a59c0c9151,3988
1710259418328,73ed08440e1d17b6,4009
1710259418328,478122cef18fbeda,3906
1710259419651,5da864a3777e0291,2029
1710259419715,bf454bf8d2b5e09c,3908
1710259423194,e805d33a9d6f1725,2397
1710259424420,000c6f8bb1de334d,2392
1710259424420,6a1cf1293fcb7792,2304
1710259424420,8b705d0f42278878,2900
1710259426528,5662b292272a9abc,1920
1710259426530,26902a8d0f0f5551,1002
1710259426530,f8e642e5df28a60b,2520
1710259428627,68222972d16811af,2986
1710259428628,d578327f357e1439,1772
1710259428628,e74597791fea0249,1136
1710259428628,90e4e64af428b4e7,2087
1710259428628,7b5aa57425c3d6b1,1604
1710259430526,96c2e17e80cdb089,88
1710259433216,f33280d50ea1ad55,1495
1710259433217,4be616fba00ce71c,3675
1710259438243,927c0378abb147ab,2634
1710259438243,63c69e12a5c2d97b,1349
1710259438331,3159d87fb84ce573,2685
1710259440441,73ee1f385ac7c7a4,2010
1710259440441,ee73090f4ccb167b,2199
1710259440441,f54624d77a19edbb,2717
1710259442901,44112e8de5e94aed,1647
1710259445216,3cc877b159e81999,1612
1710259445217,c8f13d58fe8de6f1,1199
1710259447420,91dc9dcab2fd0c7a,801
1710259449761,1b5afaa9a5b0ac41,2567
1710259452216,659130e30846edd7,2381
1710259452216,900ea2a7662c436e,507
1710259454936,b3c308873cfa7b32,1097
1710259454936,659285977516c336,2460
1710259454937,2c6f71147f7eb552,2035
1710259456021,2d507dc05748a679,2493
1710259458735,a7b2db61df500933,1202
1710259458815,48566c42ab43c97e,797
1710259458815,1cf01e3acad1bd90,2797
1710259458815,e9c0cc553f617531,2883
1710259461639,4cdf7468e2c8707f,3183
1710259461639,fce7e0cb724d5e81,1699
1710259463452,3e9757c97e223ebc,1434
1710259466023,d6c70cb8f4749246,1364
1710259466023,d86f8a59b3a9497b,2494
1710259466023,efa3ea8810dd5c67,2385
1710259468716,d2a3f464f054d928,2384
1710259468716,21b6ab503926586d,1881
1710259469545,64ac175be481ace2,1606
1710259473313,849e61b40d6604cc,3856
1710259475570,313132b4794f2f3a,1629
1710259478322,2e028deb2bf1ce51,1884
1710259478322,12627bfc76140226,1377
1710259478322,828ee4fb7382da08,1592
1710259479947,6a1cf1293fcb7792,525
1710259482817,6d2a4a5d3ae1ab80,2932
1710259482817,81470b862d3f2001,3046
1710259485920,de84bf7f9885cc42,3621
1710259485920,e9fabed6faa4ab68,3270
1710259485920,5da864a3777e0291,4268
1710259487549,db4ae74a883adc7b,3208
1710259487549,2e8e9a1ae781d2e2,4101
1710259487550,0dce7782c3dba916,4156
1710259491640,448b47a9bcfb7fc1,1707
1710259491640,6822419b1daca981,1938
1710259493720,905f5b53b11b6c62,2579
1710259496226,dc301108fa6eaba6,2288
1710259496226,06212d4c24ff62ce,2285
1710259496226,a5b6994cd4ceca6a,2881
1710259496417,79e4660a95ec4e2d,88
1710259498957,d6a028e2d091fa18,2628
1710259498957,bf97b6d62d31d20c,3016
1710259500746,0993a3f05afe01ec,1753
1710259500746,27918bda62a82dba,1737
1710259500746,03fd2ab7f8754b74,3915
1710259500746,7ce7aeeb954c3ee7,1628
1710259500746,900ea2a7662c436e,2529
1710259502942,0c2bd4dd5ed07257,1001
1710259505224,1c61c456d2b34867,3030
1710259505226,e923a72726ebdbac,1798
1710259505226,c054e974baf9f66e,2706
1710259507235,5d25347c5dc1ec9d,3412
1710259507235,ddf0d8f5d7eef689,1712
1710259507235,d578327f357e1439,3605
1710259507235,a82b9571e032077c,2094
1710259509161,7f7281dde5c2259c,2441
1710259512605,457fc5b053c75862,3276
1710259512605,053c5022936cdb24,3564
1710259514237,8ac9dc9ba4b17a95,3244
1710259514237,bdb8a48fbe51f2fa,3300
1710259514237,1666dcefabe014ad,1721
1710259514237,b50c707b679d0d73,2818
1710259514697,1435d3277fe670e5,1813
1710259516041,6505fcc070b6a282,1210
1710259516041,be27f5c38fd3458b,1432
1710259518648,aafe6d86ae8aa721,2021
1710259518648,2de8bb72e8a60c3d,2432
1710259519092,5ece891d391c010b,2065
1710259521515,52d6632e735faf94,2273
1710259521517,8396078b448d5b40,2176
1710259521517,369ccd43fd3e12a1,2513
1710259521517,4f35e83ff2bcef59,2086
1710259523739,da19b3b87b72faeb,1513
1710259523739,780f8f47ea7a603a,1738
1710259525419,1cfc195fdde4096c,87
1710259525839,7417f33e26a2349b,3214
1710259527729,507459aa5870e257,411
1710259529716,fea5a762bf6b8541,1075
1710259535784,b08592b1f35af5fb,2954
1710259535785,448b47a9bcfb7fc1,1144
1710259535785,009df993b2bffdcf,1558
1710259538421,036bd62c958472e7,2724
1710259541024,710e17261a8c12f0,1892
1710259541024,2851079afb9ecee9,3488
1710259541025,32cf17214108f0d4,3517
1710259541025,05b0b052071f6521,1884
1710259543117,f039ccbaba8f87c9,1122
1710259543120,faf6ce987a1d1489,1587
1710259543120,d6a028e2d091fa18,2162
1710259543120,478122cef18fbeda,2792
1710259543120,7ae69937afe004b5,2091
1710259545243,dd8b6897512a70eb,1306
1710259545243,deeb8c24489cbc8e,1222
1710259545243,5ae7cd1bbb0205bf,718
1710259547638,4c0df95a98f845d6,2215
1710259547638,c8b88cb85c1b536d,1721
1710259547638,974b97caaff6c1b8,1413
1710259547638,3e9757c97e223ebc,2184
1710259547638,1435d3277fe670e5,1939
1710259547638,95a0c976528c4e27,1104
1710259549242,3e88ed9f1aa48314,804
1710259551227,d4e54837c6c6470c,1511
1710259551227,75c9806e5d757cdf,1835
1710259551616,2908b37745b28a52,1900
1710259555032,cf4c3d54cfd4d0ec,2471
1710259555032,91d0cc89c8e1a490,3503
1710259555032,7ac2e1bc4cc5e9f8,3006
1710259557139,7d32ffc1f0144fc2,513
1710259557139,4a8f353c43a2d6f5,2914
1710259557139,ac6b361b1298cbec,3821
1710259557239,7eedc3fb54f23d1d,1722
1710259559065,9bfa20bd889fe382,1914
1710259561615,710e9b82f838ad91,2378
1710259561617,1b5afaa9a5b0ac41,1854
1710259564234,db4ae74a883adc7b,3683
1710259564234,75a392086b85a1ca,1620
1710259564235,23385121e4c7bfa7,2314
1710259568940,513ad2ae97335fb3,2697
1710259568940,5042e53d49f8bb8e,2018
1710259568940,e116403406a9da9a,2521
1710259571226,e1babd48eaaedc52,2770
1710259571226,35e73f92349437c3,1981
1710259571226,a7138e148bb152e2,2681
1710259571226,9c2353d555d6e243,1082
1710259571226,714c6ded452565d8,830
1710259573124,177d6b14feb3fade,1477
1710259573124,4be616fba00ce71c,905
1710259575839,c1e39f1293dfe004,1917
1710259575839,009df993b2bffdcf,1053
1710259575839,313132b4794f2f3a,2268
1710259575839,662da35a6171d48d,2614
1710259577717,2ddb4c2195874524,2576
1710259578705,d770618f5bb39817,3466
1710259581114,243c35ca7c8bbbf1,3595
1710259581114,7675051041f4323c,3686
1710259583440,06b9a3cee8dfaaa6,1794
1710259583441,2c6f71147f7eb552,502
1710259587045,75daf1fb41339494,2496
1710259587045,be37378c78634bb5,2110
1710259588011,5b7fe40633ba2372,1769
1710259590527,a8b495b3425607b7,1274
1710259590527,eb8cbb8a8cd92caf,1113
1710259590527,7ac824131e4c8c35,1694
1710259592818,4e8eecceed2993a1,3326
1710259592821,5eaa87bf471f5674,2280
1710259592821,0d6ccd989252483e,1999
1710259594454,8cedf53848ff506e,2619
1710259596110,ae1259c527f99b60,4792
1710259599138,2a4c6898604876e3,1608
1710259599138,149f806d139d793b,1898
1710259599216,c25f5ffc350ca260,1797
1710259599216,1f39ded087f36f88,3194
1710259601719,25b7436108ef6011,3206
1710259601719,75a392086b85a1ca,1484
1710259601721,4f1e8edb5ba58c7b,1775
1710259601721,3a152a449c778d74,2502
1710259601721,9d809d5eaf61d83a,4079
1710259603332,5cedb0700301ad41,1913
1710259603332,44d92d699b99dcc1,1079
1710259603332,143216cb29c9fa56,1616
1710259605732,fb341f36a957d815,2106
1710259605732,cabc84fc10bd0744,2204
1710259605732,f82a933941280d51,1084
1710259608429,218f79c75eaee71a,1980
1710259608429,52a1687d3043ad19,1980
1710259610826,6a0ecf26e54fd23c,2882
1710259610827,b3ad6be1343410c7,602
1710259612734,ba90e5ac7041c0f8,1708
1710259612734,e0b674f75d53c2cc,1508
1710259613824,78ac87a73432c2ed,88
1710259615828,4bb3f7580b060a59,2992
1710259615923,6ce58ddd019bbe7a,2507
1710259615923,1dde37764284a5b4,2605
1710259615923,329274702dd917e3,2599
1710259617828,0680a6868e47f241,3293
1710259617828,20787e3d6d1b607a,3300
1710259619825,5c5d966940f68547,3420
1710259621954,5aedc83d8d8a7c65,3252
1710259621954,73ed08440e1d17b6,3625
1710259621954,b283646c1193e882,3727
1710259621955,fb1d365fddc3676c,2738
1710259624722,2a6f2c1749d7a202,1301
1710259624722,f8b818a175f21e93,2279
1710259627234,11975de8b87a82db,2074
1710259627234,6d2a4a5d3ae1ab80,2415
1710259630226,e805d33a9d6f1725,2031
1710259630226,69e124e97d59dcdb,2600
1710259630520,db678cffd022c683,3012
1710259630520,9f55761401a9c180,2316
1710259632251,710e17261a8c12f0,3226
1710259634317,292d5c0e73e2857a,1482
1710259634317,d394760aaf51f74e,2808
1710259634317,1cf01e3acad1bd90,1500
1710259634629,a43b4301129a86a8,1538
1710259636344,c054e974baf9f66e,1116
1710259636344,f3db48caf4fb76c1,1803
1710259638407,75a392086b85a1ca,1687